list_num,n,pearson_llm,spearman_llm
1,80,0.6124423198180784,0.5672746133122236
2,80,0.6143593786878937,0.5861857887372971
3,80,0.46317529281414044,0.4252963901395612
4,80,0.736809191401292,0.6748115138153447
5,80,0.5970148515020053,0.5708852494521723
6,80,0.7035758623599828,0.651881458248805
7,80,0.5546081523849583,0.43707387616655385
8,80,0.6506832344168629,0.6211767001098539
9,80,0.759922914039498,0.7503982396260216
10,80,0.6760223366635604,0.6657193725469189
