list_num,n,pearson_llm,spearman_llm
1,84,0.8551400136035194,0.838558200559982
2,84,0.7680939762230273,0.7838936082161595
3,84,0.7830134349493538,0.7938328883591087
4,84,0.7890048111757183,0.7759346671926047
5,84,0.8219301848379389,0.8233649878962057
6,84,0.7858299315418211,0.8119208756692897
7,84,0.8007758167801745,0.8021545372830713
8,84,0.7966077950637134,0.8010800719721479
